code,username
hpctape,jhurley
hpctape,ajameson
hpctape,cng
hpctape,pulsar
hpctape,sbhandar
p001_swin,ahassan
p001_swin,bbarsdel
p001_swin,cfluke
p001_swin,gvernard
p001_swin,bekiaris
p001_swin,dvohl
p001_swin,nbate
p001_swin,shegarty
p001_swin,nsikta
p002_swin,ajameson
p002_swin,mbailes
p002_swin,pcoster
p002_swin,soslowsk
p002_swin,wvanstra
p002_swin,rbhat
p002_swin,jswiggum
p002_swin,epetroff
p002_swin,jmcleod
p002_swin,mkerr
p002_swin,cng
p002_swin,jarmstro
p002_swin,ekellerm
p002_swin,cjackson
p002_swin,cflynn
p002_swin,akarick
p002_swin,vravi
p002_swin,sburke
p002_swin,pulsar
p002_swin,llevin
p002_swin,igrossma
p002_swin,jkocz
p002_swin,ebarr
p002_swin,amatting
p002_swin,jnie
p002_swin,vmorello
p002_swin,mcaleb
p002_swin,fbriggs
p002_swin,ekeane
p002_swin,fjankows
p002_swin,sdai
p002_swin,rshannon
p002_swin,dtabbara
p002_swin,dhicks
p002_swin,rlyon
p002_swin,sbhandar
p002_swin,ctiburzi
p002_swin,vvenkatr
p002_swin,pcox
p002_swin,tdarling
p002_swin,myip
p002_swin,nmahany
p002_swin,ntehrani
p002_swin,vvillani
p002_swin,prosado
p002_swin,acameron
p002_swin,dchampio
p002_swin,llentati
p002_swin,pray
p002_swin,aparthas
p002_swin,scooper
p002_swin,fabbate
p002_swin,plasky
p002_swin,adeller
p002_swin,moneill
p002_swin,cward
p002_swin,wfarah
p002_swin,kplant
p002_swin,rspiewak
p002_swin,akawash
p002_swin,jtsai
p002_swin,kbannist
p002_swin,mmyers
p002_swin,mbardsle
p002_swin,dcprice
p002_swin,sgoode
p002_swin,mlower
p002_swin,yzhang
p002_swin,dreardon
p002_swin,vgupta
p003_swin,jhurley
p003_swin,asippel
p003_swin,gmoyano
p003_swin,jmadrid
p003_swin,lhodkins
p003_swin,nmaffion
p003_swin,citurbe
p003_swin,lrossi
p003_swin,ageller
p003_swin,jwebb
p003_swin,bziosi
p003_swin,debatri
p003_swin,sstevens
p003_swin,pagrawal
p003_swin,pberczik
p003_swin,dvohl
p004_swin,gpoole
p004_swin,mbernyk
p004_swin,dcroton
p004_swin,gshattow
p004_swin,tgarel
p004_swin,astevens
p004_swin,ctonini
p004_swin,abibiano
p004_swin,mbaldi
p004_swin,kmccord
p004_swin,ahutter
p004_swin,msinha
p004_swin,mzarrin
p004_swin,jseiler
p004_swin,bsmith
p004_swin,dtriani
p005_astro,kbekki
p005_astro,cyozin-s
p005_astro,lrossi
p006_astro,bpindor
p006_astro,dmitchel
p006_astro,aduffy
p006_astro,bmckinle
p007_astro,jpfeffer
p008_astro,gvernard
p008_astro,nbate
p008_astro,mfoxley
p008_astro,dvohl
p009_astro,asippel
p010_swin,okaluza
p010_swin,rsadus
p010_swin,malmorsy
p010_swin,ishvab
p010_swin,psmith
p010_swin,jmairhof
p010_swin,mvlasiuk
p010_swin,tstiegle
p010_swin,rkochand
p010_swin,bdalton
p010_swin,jhislop
p010_swin,jlosey
p010_swin,graabe
p011_astro,lspitler
p011_astro,jcunning
p011_astro,grees
p011_astro,dgardner
p011_astro,mcowley
p012_swin,fwang
p012_swin,awickram
p012_swin,qarooj
p012_swin,schatter
p012_swin,awinnett
p012_swin,sislam
p012_swin,jzhang
p012_swin,mkhattab
p012_swin,mvdongen
p012_swin,tadamson
p012_swin,mchaplin
p012_swin,gfarrugi
p012_swin,mmircic
p012_swin,fbackler
p012_swin,jsu
p012_swin,avallyan
p012_swin,mtran
p012_swin,tmarshal
p012_swin,sshan
p012_swin,mjovaras
p012_swin,solsen
p013_swin,pdrummon
p013_swin,bopanchu
p013_swin,athompso
p013_swin,skiesewe
p013_swin,rpolking
p013_swin,ngaffney
p013_swin,rteh
p013_swin,kng
p014_swin,ahassan
p014_swin,lhodkins
p014_swin,dcroton
p014_swin,taoadmin
p014_swin,taogst2
p014_swin,taogst3
p014_swin,jbaldwin
p014_swin,ahutter
p014_swin,louisdl
p014_swin,lakerink
p015_swin,smaddiso
p015_swin,cubach
p015_swin,ethillie
p015_swin,mhutchis
p015_swin,ljouvin
p015_swin,kliffman
p015_swin,jgonzale
p015_swin,jgeddes
p015_swin,msong
p015_swin,fpignata
p015_swin,ncuello
p015_swin,cpinte
p015_swin,magnew
p015_swin,gbryan
p016_swin,landrew
p016_swin,tdinh
p016_swin,schan
p017_swin,dseong
p017_swin,mpaulino
p017_swin,mhaque
p017_swin,ylou
p017_swin,jyoon
p018_swin,cblake
p018_swin,ekazin
p018_swin,jkoda
p018_swin,fmarin
p018_swin,ajohnson
p018_swin,mscrimge
p018_swin,ltorres
p018_swin,fsimpson
p018_swin,sjoudaki
p018_swin,fbeutler
p018_swin,achoi
p018_swin,asanchez
p018_swin,gstein
p018_swin,sjanssen
p018_swin,dparkins
p018_swin,aamon
p018_swin,cwolf
p018_swin,kkuijken
p018_swin,clidman
p018_swin,mchildre
p018_swin,cheymans
p018_swin,fabdalla
p018_swin,tdavis
p018_swin,iachitou
p018_swin,terben
p018_swin,cadams
p018_swin,abuddend
p018_swin,mmenz
p018_swin,aburden
p018_swin,pcarter
p018_swin,chowlett
p018_swin,ebeaufil
p018_swin,jasorey
p018_swin,rruggeri
p019_swin,btodd
p019_swin,ehajizad
p020_astro,pcoster
p020_astro,wvanstra
p020_astro,sbhandar
p021_astro,gpoole
p021_astro,smutch
p021_astro,glewis
p021_astro,cpower
p021_astro,pangel
p021_astro,hkim
p021_astro,cliu
p021_astro,dcarrasc
p021_astro,pgeil
p021_astro,yqin
p022_swin,btodd
p022_swin,sdeluca
p022_swin,skannam
p022_swin,dostler
p022_swin,nrezaee
p022_swin,rpachine
p022_swin,dfaisal
p022_swin,lmaffiol
p023_swin,sglackin
p024_swin,dliley
p024_swin,mwalsh
p024_swin,ibojak
p024_swin,ahaydari
p025_swin,jcooke
p025_swin,sbernard
p025_swin,aweigel
p025_swin,acodorea
p025_swin,tpritcha
p025_swin,ccurtin
p025_swin,azenteno
p025_swin,iandreon
p025_swin,gforan
p025_swin,fstars
p025_swin,alivings
p025_swin,umestric
p025_swin,rbassett
p025_swin,gcarter
p025_swin,lmartin
p025_swin,jmusiov
p025_swin,swebb
p026_swin,cperry
p027_swin,lrosa
p027_swin,sjuodkaz
p027_swin,abalcyti
p027_swin,xwang
p028_swin,jwhitmor
p028_swin,mmurphy
p028_swin,gkacprza
p028_swin,jbagdona
p028_swin,tevans
p028_swin,gsavorgn
p028_swin,amalec
p028_swin,rallen
p028_swin,ncrighto
p028_swin,skotus
p028_swin,eboera
p028_swin,mdapra
p028_swin,probert
p028_swin,atobin
p028_swin,idrpic
p028_swin,araidani
p028_swin,jbooker
p028_swin,mtollida
p028_swin,jredolfi
p028_swin,aadnan
p028_swin,lmartin
p028_swin,mfuncich
p028_swin,thouston
p028_swin,lturner
p028_swin,hmargach
p028_swin,nsikta
p029_swin,bcumming
p030_swin,wharrop
p031_swin,szander
p032_swin,jhurley
p032_swin,vpota
p032_swin,hdenes
p032_swin,npastore
p032_swin,cusher
p032_swin,pcerulo
p032_swin,pjensen
p032_swin,eboera
p032_swin,tbrown
p032_swin,mdurre
p032_swin,oclement
p032_swin,jwhite
p032_swin,lhoare
p032_swin,mgreenhi
p032_swin,lthomson
p032_swin,mmason
p032_swin,sgoode
p032_swin,jdenier
p032_swin,ebradbur
p032_swin,revertz
p032_swin,jmuir
p032_swin,clau
p032_swin,rgorick
p032_swin,glawrenc
p032_swin,pmai
p032_swin,wpratt
p032_swin,sclough
p032_swin,landerso
p032_swin,kbarclay
p032_swin,mmccurdy
p032_swin,jesdaile
p032_swin,atremayn
p032_swin,tvenvill
p032_swin,araidani
p033_astro,hmoradi
p033_astro,crijs
p034_swin,jschneid
p034_swin,rvasa
p034_swin,lhoon
p035_astro,dprice
p035_astro,ttricco
p035_astro,hworpel
p035_astro,rnealon
p035_astro,jwurster
p035_astro,bfield
p035_astro,mmarshal
p035_astro,dmentipl
p035_astro,mcrougha
p035_astro,khirsh
p035_astro,hmacpher
p035_astro,nrodrigu
p035_astro,igerrard
p035_astro,abarnes
p035_astro,cpinte
p035_astro,zpellow
p035_astro,dliptai
p036_swin,eryan
p036_swin,sbernard
p036_swin,gdiaz
p036_swin,lgarcia
p036_swin,acodorea
p036_swin,shegarty
p036_swin,umestric
p036_swin,rbassett
p036_swin,abatten
p036_swin,ssweet
p037_astro,sshelyag
p037_astro,dprzybyl
p037_astro,hsterck
p037_astro,livan
p037_astro,tnguyen
p037_astro,sjabbari
p038_swin,imoser
p038_swin,ssohrabi
p038_swin,mwosko
p038_swin,mgheorgh
p038_swin,asetiono
p038_swin,arigi
p038_swin,fzafari
p038_swin,rrahmani
p039_swin,agraham
p039_swin,gsavorgn
p039_swin,bdullo
p039_swin,pbonfini
p039_swin,bdavis
p039_swin,iherranz
p039_swin,nsahu
p040_swin,npastore
p040_swin,cusher
p040_swin,dforbes
p040_swin,zjenning
p040_swin,cblom
p040_swin,aalabi
p040_swin,cfoster
p040_swin,aromanow
p040_swin,skartha
p040_swin,sbellste
p040_swin,awasserm
p040_swin,lchevali
p040_swin,aferre
p040_swin,vpandya
p041_swin,gpoole
p041_swin,gkacprza
p041_swin,karl
p041_swin,tnanayak
p041_swin,dfisher
p041_swin,tyuan
p041_swin,ktran
p041_swin,cstraatm
p041_swin,poliva
p041_swin,mcowley
p041_swin,lalcorn
p041_swin,atomczak
p041_swin,cjacobs
p041_swin,cschreib
p041_swin,amore
p041_swin,ssweet
p041_swin,ethygese
p041_swin,jesdaile
p042_swin,hdenes
p042_swin,vkilborn
p042_swin,kwolfing
p042_swin,bcatinel
p042_swin,klutz
p042_swin,tbrown
p042_swin,shoriuch
p042_swin,kgereb
p042_swin,cbaxter
p042_swin,tday
p042_swin,clau
p042_swin,rdzudzar
p042_swin,xli
p042_swin,cmuruges
p043_swin,het617
p044_swin,snguyen
p044_swin,ihassan
p045_astro,odemarco
p045_astro,jstaff
p045_astro,pgalaviz
p045_astro,riaconi
p045_astro,jpassy
p045_astro,treichar
p045_astro,dmacdona
p046_swin,szieger
p046_swin,esanina
p046_swin,mghantou
p046_swin,saijaz
p046_swin,jlu
p046_swin,aiafrati
p046_swin,qliu
p046_swin,hrapizo
p046_swin,ltseng
p046_swin,hjiang
p047_astro,pelahi
p047_astro,hmahdi
p047_astro,niwanus
p047_astro,awatts
p048_astro,bpindor
p048_astro,jline
p048_astro,pprocopi
p048_astro,bmckinle
p048_astro,hshimabu
p048_astro,syoshiur
p048_astro,jriding
p048_astro,mrahimi
p048_astro,jdavies
p048_astro,stingay
p048_astro,kkubota
p048_astro,ktakahas
p048_astro,dmendonc
p048_astro,mbhardwa
p048_astro,rwebster
p049_swin,ffrascol
p049_swin,eflood
p050_swin,esanina
p050_swin,ssuslov
p050_swin,yrastige
p050_swin,tnose
p051_swin,zgan
p052_swin,schichin
p052_swin,bvo
p052_swin,rmorsali
p052_swin,fzafari
p053_astro,mcdermid
p054_swin,jmould
p054_swin,suddin
p054_swin,dbatt
p054_swin,rporuri
p054_swin,bmathew
p054_swin,dlagattu
p054_swin,mdurre
p054_swin,bgiblin
p054_swin,mchildre
p054_swin,ecunha
p054_swin,mschartm
p054_swin,hjud
p055_swin,atoffoli
p055_swin,aalberel
p055_swin,fnelli
p056_swin,hvu
p056_swin,hluong
p056_swin,spokhrel
p056_swin,mpanda
p056_swin,nhoang
p056_swin,tislam
p057_swin,jleontin
p057_swin,mhasan
p057_swin,jjalal
p057_swin,rswain
p057_swin,jtan
p057_swin,jmclaren
p057_swin,thirschf
p057_swin,ngeikie
p057_swin,ogoldman
p057_swin,lpham
p057_swin,mgriffit
p057_swin,aosman
p057_swin,rmanasse
p057_swin,fnelli
p057_swin,agriffin
p057_swin,pgallera
p057_swin,jmoran
p057_swin,mcochran
p057_swin,pantar
p057_swin,nhossein
p057_swin,snarasim
p057_swin,wobrien
p057_swin,kmpalmer
p057_swin,adolatsh
p057_swin,szhu
p057_swin,ayoung
p057_swin,hchan
p058_astro,hbaumgar
p058_astro,pkhalaj
p059_astro,bmueller
p059_astro,cchan
p060_astro,bhaskell
p060_astro,ghowitt
p061_swin,bmusawi
p061_swin,pbranch
p062_swin,lcortese
p063_astro,adanehka
p063_astro,qparker
p064_swin,cfluke
p064_swin,rscott
p065_swin,xxie
p065_swin,abarus
p066_astro,mdrinkwa
p067_swin,gmackie
p068_astro,sshelyag
p068_astro,dprzybyl
p068_astro,jpennico
p069_astro,lbarnes
p070_astro,gpoole
p070_astro,smutch
p070_astro,pangel
p070_astro,pgeil
p070_astro,yqin
p070_astro,bscott
p070_astro,mmarshal
p070_astro,bgreig
p071_swin,smutch
p071_swin,aduffy
p071_swin,yqin
p071_swin,atremayn
p071_swin,evelden
p071_swin,abatten
p072_swin,ncrighto
p073_swin,czhang
p073_swin,nnguyen
p074_swin,xgan
p075_astro,creichar
p075_astro,adoucoul
p075_astro,sraghuna
p076_swin,mislam
p077_swin,tjulius
p077_swin,apalangk
p077_swin,spetrie
p077_swin,tklein
p077_swin,afinch
p077_swin,jiwang
p077_swin,jdesvign
p077_swin,sjayakum
p077_swin,wfarah
p077_swin,acodorea
p077_swin,shegarty
p078_astro,sjoudaki
p079_astro,pelahi
p079_astro,eaderman
p080_astro,agreen
p081_astro,ctonini
p081_astro,lwolz
p082_astro,kmack
p082_astro,sschon
p083_astro,ahassan
p083_astro,lhodkins
p083_astro,lhurst
p084_swin,jhharris
p085_swin,sgondali
p085_swin,lhartman
p086_swin,asarhan
p086_swin,jnaser
p086_swin,ahewage
p086_swin,nrezaee
p086_swin,dfaisal
p087_astro,wvanstra
p087_astro,arogers
p088_swin,agraham
p088_swin,bciambur
p088_swin,apike
p088_swin,nsahu
p089_swin,gkacprza
p089_swin,nnielsen
p089_swin,jvander
p089_swin,karraki
p089_swin,cchurchi
p089_swin,aklypin
p089_swin,spointon
p089_swin,jlewis
p089_swin,wng
p090_swin,wvanstra
p090_swin,p90admin
p091_swin,jhurley
p091_swin,dcroton
p091_swin,mdrinkwa
p092_swin,jhurley
p093_swin,ahassan
p094_swin,ahassan
p094_swin,louisdl
p094_swin,ssalehee
p094_swin,eali
p094_swin,lakerink
p094_swin,jhurley
p102_astro,smutch
p102_astro,cliu
p102_astro,pgeil
p102_astro,yqin
p102_astro,jdavies
p102_astro,lliang
p102_astro,htan
p103_astro,ahassan
p103_astro,cgheller
p103_astro,eayling
p103_astro,tdykes
p103_astro,lakerink
p104_astro,lwen
p104_astro,schung
p104_astro,qchu
p104_astro,ywang
p104_astro,jbosveld
p104_astro,dweight
p105_swin,hhu
p105_swin,ycao
p105_swin,xchen
p105_swin,jwang
p105_swin,pzou
p105_swin,utoniolo
p105_swin,xbai
p105_swin,hli
p105_swin,yli
p105_swin,speng
p105_swin,xliu
p105_swin,sschiffe
p106_swin,ecunha
p106_swin,clagos
p106_swin,entaylor
p106_swin,mbrown
p107_astro,mireland
p108_swin,schowdhu
p109_swin,druan
p109_swin,rrashid
p109_swin,jizhang
p109_swin,mfaizan
p109_swin,dzhang
p110_swin,pthen
p111_swin,wlai
p112_swin,csteele
p112_swin,mgallell
p112_swin,tchee
p112_swin,kvanbere
p112_swin,slagarri
p113_astro,hkim
p113_astro,cliu
p113_astro,yqin
p113_astro,mmarshal
p113_astro,yqiu
p114_swin,mmueller
p115_astro,ttepper
p115_astro,agronnow
p116_astro,sraghuna
p117_swin,zcao
p117_swin,dbombuwe
p118_astro,jmacquar
p118_astro,elenc
p119_swin,apototsk
p120_swin,csun
p121_astro,gpoole
p122_swin,cmccarth
p123_astro,mwilczyn
p123_astro,johnwebb
p123_astro,mbainbri
p124_astro,smutch
p124_astro,pgeil
p124_astro,yqin
p124_astro,mmarshal
p125_astro,rbhat
p125_astro,strembla
p125_astro,fkirsten
p125_astro,nswainst
p127_swin,lokettle
p128_astro,cblake
p128_astro,chowlett
p128_astro,pelahi
p128_astro,mhudson
p128_astro,kbolejko
p128_astro,rruggeri
p128_astro,iachitou
p128_astro,ksaid
p129_swin,tsellis
p129_swin,kadnan
p130_swin,mnikzad
p130_swin,kprasad
p131_swin,pmahon
p131_swin,mramezan
p132_astro,rwebster
p133_swin,dhicks
p133_swin,jwhite
p133_swin,ahartoyo
p133_swin,kfedorch
p134_swin,dcroton
p134_swin,ahutter
p134_swin,jseiler
p135_swin,ptsai
p136_astro,mtrenti
p136_astro,rdevita
p137_swin,magoulas
p138_astro,mcdermid
p138_astro,lcoccato
p138_astro,apoci
p138_astro,msarzi
p138_astro,breichar
